http://m.veryshortintroductions.com/mobile/view/10.1093/actrade/9780199340057.001.0001/actrade-9780199340057,vs40057
http://m.veryshortintroductions.com/mobile/view/10.1093/actrade/9780199730070.001.0001/actrade-9780199730070,vs30070
http://m.veryshortintroductions.com/mobile/view/10.1093/actrade/9780199340071.001.0001/actrade-9780199340071,vs40071
http://m.veryshortintroductions.com/mobile/view/10.1093/actrade/9780195300079.001.0001/actrade-9780195300079,vs00079
http://m.veryshortintroductions.com/mobile/view/10.1093/actrade/9780190280147.001.0001/actrade-9780190280147,vs80147
http://m.veryshortintroductions.com/mobile/view/10.1093/actrade/9780199550203.001.0001/actrade-9780199550203,vs50203
http://m.veryshortintroductions.com/mobile/view/10.1093/actrade/9780195300208.001.0001/actrade-9780195300208,vs00208
http://m.veryshortintroductions.com/mobile/view/10.1093/actrade/9780199560233.001.0001/actrade-9780199560233,vs60233
http://m.veryshortintroductions.com/mobile/view/10.1093/actrade/9780199560240.001.0001/actrade-9780199560240,vs60240
http://m.veryshortintroductions.com/mobile/view/10.1093/actrade/9780199760275.001.0001/actrade-9780199760275,vs60275
http://m.veryshortintroductions.com/mobile/view/10.1093/actrade/9780199760282.001.0001/actrade-9780199760282,vs60282
http://m.veryshortintroductions.com/mobile/view/10.1093/actrade/9780195310306.001.0001/actrade-9780195310306,vs10306
http://m.veryshortintroductions.com/mobile/view/10.1093/actrade/9780199680306.001.0001/actrade-9780199680306,vs80306
http://m.veryshortintroductions.com/mobile/view/10.1093/actrade/9780199670413.001.0001/actrade-9780199670413,vs70413
http://m.veryshortintroductions.com/mobile/view/10.1093/actrade/9780199670420.001.0001/actrade-9780199670420,vs70420
http://m.veryshortintroductions.com/mobile/view/10.1093/actrade/9780199670437.001.0001/actrade-9780199670437,vs70437
http://m.veryshortintroductions.com/mobile/view/10.1093/actrade/9780199660445.001.0001/actrade-9780199660445,vs60445
http://m.veryshortintroductions.com/mobile/view/10.1093/actrade/9780199340491.001.0001/actrade-9780199340491,vs40491
http://m.veryshortintroductions.com/mobile/view/10.1093/actrade/9780199560516.001.0001/actrade-9780199560516,vs60516
http://m.veryshortintroductions.com/mobile/view/10.1093/actrade/9780199670543.001.0001/actrade-9780199670543,vs70543
http://m.veryshortintroductions.com/mobile/view/10.1093/actrade/9780199740550.001.0001/actrade-9780199740550,vs40550
http://m.veryshortintroductions.com/mobile/view/10.1093/actrade/9780199790586.001.0001/actrade-9780199790586,vs90586
http://m.veryshortintroductions.com/mobile/view/10.1093/actrade/9780199670598.001.0001/actrade-9780199670598,vs70598
http://m.veryshortintroductions.com/mobile/view/10.1093/actrade/9780199590599.001.0001/actrade-9780199590599,vs90599
http://m.veryshortintroductions.com/mobile/view/10.1093/actrade/9780199590605.001.0001/actrade-9780199590605,vs90605
http://m.veryshortintroductions.com/mobile/view/10.1093/actrade/9780199580699.001.0001/actrade-9780199580699,vs80699
http://m.veryshortintroductions.com/mobile/view/10.1093/actrade/9780199730766.001.0001/actrade-9780199730766,vs30766
http://m.veryshortintroductions.com/mobile/view/10.1093/actrade/9780199230792.001.0001/actrade-9780199230792,vs30792
http://m.veryshortintroductions.com/mobile/view/10.1093/actrade/9780195370874.001.0001/actrade-9780195370874,vs70874
http://m.veryshortintroductions.com/mobile/view/10.1093/actrade/9780199840892.001.0001/actrade-9780199840892,vs40892
http://m.veryshortintroductions.com/mobile/view/10.1093/actrade/9780199540907.001.0001/actrade-9780199540907,vs40907
http://m.veryshortintroductions.com/mobile/view/10.1093/actrade/9780192840943.001.0001/actrade-9780192840943,vs40943
http://m.veryshortintroductions.com/mobile/view/10.1093/actrade/9780192840950.001.0001/actrade-9780192840950,vs40950
http://m.veryshortintroductions.com/mobile/view/10.1093/actrade/9780199590964.001.0001/actrade-9780199590964,vs90964
http://m.veryshortintroductions.com/mobile/view/10.1093/actrade/9780199330966.001.0001/actrade-9780199330966,vs30966
http://m.veryshortintroductions.com/mobile/view/10.1093/actrade/9780199560974.001.0001/actrade-9780199560974,vs60974
http://m.veryshortintroductions.com/mobile/view/10.1093/actrade/9780192840981.001.0001/actrade-9780192840981,vs40981
http://m.veryshortintroductions.com/mobile/view/10.1093/actrade/9780199580989.001.0001/actrade-9780199580989,vs80989
http://m.veryshortintroductions.com/mobile/view/10.1093/actrade/9780199580996.001.0001/actrade-9780199580996,vs80996
http://m.veryshortintroductions.com/mobile/view/10.1093/actrade/9780192840998.001.0001/actrade-9780192840998,vs40998
http://m.veryshortintroductions.com/mobile/view/10.1093/actrade/9780195311068.001.0001/actrade-9780195311068,vs11068
http://m.veryshortintroductions.com/mobile/view/10.1093/actrade/9780195321074.001.0001/actrade-9780195321074,vs21074
http://m.veryshortintroductions.com/mobile/view/10.1093/actrade/9780199661084.001.0001/actrade-9780199661084,vs61084
http://m.veryshortintroductions.com/mobile/view/10.1093/actrade/9780199661107.001.0001/actrade-9780199661107,vs61107
http://m.veryshortintroductions.com/mobile/view/10.1093/actrade/9780199641130.001.0001/actrade-9780199641130,vs41130
http://m.veryshortintroductions.com/mobile/view/10.1093/actrade/9780199601196.001.0001/actrade-9780199601196,vs01196
http://m.veryshortintroductions.com/mobile/view/10.1093/actrade/9780199601202.001.0001/actrade-9780199601202,vs01202
http://m.veryshortintroductions.com/mobile/view/10.1093/actrade/9780199681204.001.0001/actrade-9780199681204,vs81204
http://m.veryshortintroductions.com/mobile/view/10.1093/actrade/9780195301229.001.0001/actrade-9780195301229,vs01229
http://m.veryshortintroductions.com/mobile/view/10.1093/actrade/9780198701262.001.0001/actrade-9780198701262,vs01262
http://m.veryshortintroductions.com/mobile/view/10.1093/actrade/9780199661268.001.0001/actrade-9780199661268,vs61268
http://m.veryshortintroductions.com/mobile/view/10.1093/actrade/9780199211289.001.0001/actrade-9780199211289,vs11289
http://m.veryshortintroductions.com/mobile/view/10.1093/actrade/9780199571314.001.0001/actrade-9780199571314,vs71314
http://m.veryshortintroductions.com/mobile/view/10.1093/actrade/9780199231317.001.0001/actrade-9780199231317,vs31317
http://m.veryshortintroductions.com/mobile/view/10.1093/actrade/9780199691340.001.0001/actrade-9780199691340,vs91340
http://m.veryshortintroductions.com/mobile/view/10.1093/actrade/9780199601349.001.0001/actrade-9780199601349,vs01349
http://m.veryshortintroductions.com/mobile/view/10.1093/actrade/9780199651368.001.0001/actrade-9780199651368,vs51368
http://m.veryshortintroductions.com/mobile/view/10.1093/actrade/9780199551378.001.0001/actrade-9780199551378,vs51378
http://m.veryshortintroductions.com/mobile/view/10.1093/actrade/9780192801449.001.0001/actrade-9780192801449,vs01449
http://m.veryshortintroductions.com/mobile/view/10.1093/actrade/9780199581450.001.0001/actrade-9780199581450,vs81450
http://m.veryshortintroductions.com/mobile/view/10.1093/actrade/9780192801487.001.0001/actrade-9780192801487,vs01487
http://m.veryshortintroductions.com/mobile/view/10.1093/actrade/9780199731503.001.0001/actrade-9780199731503,vs31503
http://m.veryshortintroductions.com/mobile/view/10.1093/actrade/9780199551545.001.0001/actrade-9780199551545,vs51545
http://m.veryshortintroductions.com/mobile/view/10.1093/actrade/9780192801555.001.0001/actrade-9780192801555,vs01555
http://m.veryshortintroductions.com/mobile/view/10.1093/actrade/9780192801562.001.0001/actrade-9780192801562,vs01562
http://m.veryshortintroductions.com/mobile/view/10.1093/actrade/9780192801579.001.0001/actrade-9780192801579,vs01579
http://m.veryshortintroductions.com/mobile/view/10.1093/actrade/9780192801593.001.0001/actrade-9780192801593,vs01593
http://m.veryshortintroductions.com/mobile/view/10.1093/actrade/9780192801616.001.0001/actrade-9780192801616,vs01616
http://m.veryshortintroductions.com/mobile/view/10.1093/actrade/9780192801630.001.0001/actrade-9780192801630,vs01630
http://m.veryshortintroductions.com/mobile/view/10.1093/actrade/9780199591640.001.0001/actrade-9780199591640,vs91640
http://m.veryshortintroductions.com/mobile/view/10.1093/actrade/9780192801647.001.0001/actrade-9780192801647,vs01647
http://m.veryshortintroductions.com/mobile/view/10.1093/actrade/9780192801678.001.0001/actrade-9780192801678,vs01678
http://m.veryshortintroductions.com/mobile/view/10.1093/actrade/9780199681686.001.0001/actrade-9780199681686,vs81686
http://m.veryshortintroductions.com/mobile/view/10.1093/actrade/9780199681693.001.0001/actrade-9780199681693,vs81693
http://m.veryshortintroductions.com/mobile/view/10.1093/actrade/9780199601714.001.0001/actrade-9780199601714,vs01714
http://m.veryshortintroductions.com/mobile/view/10.1093/actrade/9780199601721.001.0001/actrade-9780199601721,vs01721
http://m.veryshortintroductions.com/mobile/view/10.1093/actrade/9780195331783.001.0001/actrade-9780195331783,vs31783
http://m.veryshortintroductions.com/mobile/view/10.1093/actrade/9780192801784.001.0001/actrade-9780192801784,vs01784
http://m.veryshortintroductions.com/mobile/view/10.1093/actrade/9780199591787.001.0001/actrade-9780199591787,vs91787
http://m.veryshortintroductions.com/mobile/view/10.1093/actrade/9780192801791.001.0001/actrade-9780192801791,vs01791
http://m.veryshortintroductions.com/mobile/view/10.1093/actrade/9780199231799.001.0001/actrade-9780199231799,vs31799
http://m.veryshortintroductions.com/mobile/view/10.1093/actrade/9780192801807.001.0001/actrade-9780192801807,vs01807
http://m.veryshortintroductions.com/mobile/view/10.1093/actrade/9780192801814.001.0001/actrade-9780192801814,vs01814
http://m.veryshortintroductions.com/mobile/view/10.1093/actrade/9780199671816.001.0001/actrade-9780199671816,vs71816
http://m.veryshortintroductions.com/mobile/view/10.1093/actrade/9780192801821.001.0001/actrade-9780192801821,vs01821
http://m.veryshortintroductions.com/mobile/view/10.1093/actrade/9780199681921.001.0001/actrade-9780199681921,vs81921
http://m.veryshortintroductions.com/mobile/view/10.1093/actrade/9780199671939.001.0001/actrade-9780199671939,vs71939
http://m.veryshortintroductions.com/mobile/view/10.1093/actrade/9780192801975.001.0001/actrade-9780192801975,vs01975
http://m.veryshortintroductions.com/mobile/view/10.1093/actrade/9780192801982.001.0001/actrade-9780192801982,vs01982
http://m.veryshortintroductions.com/mobile/view/10.1093/actrade/9780199651986.001.0001/actrade-9780199651986,vs51986
http://m.veryshortintroductions.com/mobile/view/10.1093/actrade/9780192801999.001.0001/actrade-9780192801999,vs01999
http://m.veryshortintroductions.com/mobile/view/10.1093/actrade/9780195392067.001.0001/actrade-9780195392067,vs92067
http://m.veryshortintroductions.com/mobile/view/10.1093/actrade/9780198712114.001.0001/actrade-9780198712114,vs12114
http://m.veryshortintroductions.com/mobile/view/10.1093/actrade/9780192802156.001.0001/actrade-9780192802156,vs02156
http://m.veryshortintroductions.com/mobile/view/10.1093/actrade/9780192802163.001.0001/actrade-9780192802163,vs02163
http://m.veryshortintroductions.com/mobile/view/10.1093/actrade/9780198712169.001.0001/actrade-9780198712169,vs12169
http://m.veryshortintroductions.com/mobile/view/10.1093/actrade/9780199532179.001.0001/actrade-9780199532179,vs32179
http://m.veryshortintroductions.com/mobile/view/10.1093/actrade/9780192802187.001.0001/actrade-9780192802187,vs02187
http://m.veryshortintroductions.com/mobile/view/10.1093/actrade/9780199572199.001.0001/actrade-9780199572199,vs72199
http://m.veryshortintroductions.com/mobile/view/10.1093/actrade/9780192802217.001.0001/actrade-9780192802217,vs02217
http://m.veryshortintroductions.com/mobile/view/10.1093/actrade/9780199552221.001.0001/actrade-9780199552221,vs52221
http://m.veryshortintroductions.com/mobile/view/10.1093/actrade/9780192802231.001.0001/actrade-9780192802231,vs02231
http://m.veryshortintroductions.com/mobile/view/10.1093/actrade/9780195392296.001.0001/actrade-9780195392296,vs92296
http://m.veryshortintroductions.com/mobile/view/10.1093/actrade/9780199232352.001.0001/actrade-9780199232352,vs32352
http://m.veryshortintroductions.com/mobile/view/10.1093/actrade/9780192802354.001.0001/actrade-9780192802354,vs02354
http://m.veryshortintroductions.com/mobile/view/10.1093/actrade/9780192802392.001.0001/actrade-9780192802392,vs02392
http://m.veryshortintroductions.com/mobile/view/10.1093/actrade/9780199692422.001.0001/actrade-9780199692422,vs92422
http://m.veryshortintroductions.com/mobile/view/10.1093/actrade/9780192802484.001.0001/actrade-9780192802484,vs02484
http://m.veryshortintroductions.com/mobile/view/10.1093/actrade/9780199582495.001.0001/actrade-9780199582495,vs82495
http://m.veryshortintroductions.com/mobile/view/10.1093/actrade/9780192802507.001.0001/actrade-9780192802507,vs02507
http://m.veryshortintroductions.com/mobile/view/10.1093/actrade/9780192802514.001.0001/actrade-9780192802514,vs02514
http://m.veryshortintroductions.com/mobile/view/10.1093/actrade/9780192802521.001.0001/actrade-9780192802521,vs02521
http://m.veryshortintroductions.com/mobile/view/10.1093/actrade/9780192802538.001.0001/actrade-9780192802538,vs02538
http://m.veryshortintroductions.com/mobile/view/10.1093/actrade/9780192802545.001.0001/actrade-9780192802545,vs02545
http://m.veryshortintroductions.com/mobile/view/10.1093/actrade/9780199662548.001.0001/actrade-9780199662548,vs62548
http://m.veryshortintroductions.com/mobile/view/10.1093/actrade/9780192802552.001.0001/actrade-9780192802552,vs02552
http://m.veryshortintroductions.com/mobile/view/10.1093/actrade/9780192802569.001.0001/actrade-9780192802569,vs02569
http://m.veryshortintroductions.com/mobile/view/10.1093/actrade/9780192802576.001.0001/actrade-9780192802576,vs02576
http://m.veryshortintroductions.com/mobile/view/10.1093/actrade/9780192802583.001.0001/actrade-9780192802583,vs02583
http://m.veryshortintroductions.com/mobile/view/10.1093/actrade/9780192802590.001.0001/actrade-9780192802590,vs02590
http://m.veryshortintroductions.com/mobile/view/10.1093/actrade/9780195342635.001.0001/actrade-9780195342635,vs42635
http://m.veryshortintroductions.com/mobile/view/10.1093/actrade/9780199672660.001.0001/actrade-9780199672660,vs72660
http://m.veryshortintroductions.com/mobile/view/10.1093/actrade/9780199662661.001.0001/actrade-9780199662661,vs62661
http://m.veryshortintroductions.com/mobile/view/10.1093/actrade/9780199602667.001.0001/actrade-9780199602667,vs02667
http://m.veryshortintroductions.com/mobile/view/10.1093/actrade/9780199672677.001.0001/actrade-9780199672677,vs72677
http://m.veryshortintroductions.com/mobile/view/10.1093/actrade/9780199922680.001.0001/actrade-9780199922680,vs22680
http://m.veryshortintroductions.com/mobile/view/10.1093/actrade/9780199682690.001.0001/actrade-9780199682690,vs82690
http://m.veryshortintroductions.com/mobile/view/10.1093/actrade/9780190222703.001.0001/actrade-9780190222703,vs22703
http://m.veryshortintroductions.com/mobile/view/10.1093/actrade/9780195182705.001.0001/actrade-9780195182705,vs82705
http://m.veryshortintroductions.com/mobile/view/10.1093/actrade/9780199212705.001.0001/actrade-9780199212705,vs12705
http://m.veryshortintroductions.com/mobile/view/10.1093/actrade/9780199582730.001.0001/actrade-9780199582730,vs82730
http://m.veryshortintroductions.com/mobile/view/10.1093/actrade/9780192892775.001.0001/actrade-9780192892775,vs92775
http://m.veryshortintroductions.com/mobile/view/10.1093/actrade/9780199682775.001.0001/actrade-9780199682775,vs82775
http://m.veryshortintroductions.com/mobile/view/10.1093/actrade/9780199682782.001.0001/actrade-9780199682782,vs82782
http://m.veryshortintroductions.com/mobile/view/10.1093/actrade/9780192802811.001.0001/actrade-9780192802811,vs02811
http://m.veryshortintroductions.com/mobile/view/10.1093/actrade/9780198732822.001.0001/actrade-9780198732822,vs32822
http://m.veryshortintroductions.com/mobile/view/10.1093/actrade/9780192802828.001.0001/actrade-9780192802828,vs02828
http://m.veryshortintroductions.com/mobile/view/10.1093/actrade/9780192802835.001.0001/actrade-9780192802835,vs02835
http://m.veryshortintroductions.com/mobile/view/10.1093/actrade/9780199682843.001.0001/actrade-9780199682843,vs82843
http://m.veryshortintroductions.com/mobile/view/10.1093/actrade/9780198752851.001.0001/actrade-9780198752851,vs52851
http://m.veryshortintroductions.com/mobile/view/10.1093/actrade/9780199782864.001.0001/actrade-9780199782864,vs82864
http://m.veryshortintroductions.com/mobile/view/10.1093/actrade/9780199672875.001.0001/actrade-9780199672875,vs72875
http://m.veryshortintroductions.com/mobile/view/10.1093/actrade/9780199582877.001.0001/actrade-9780199582877,vs82877
http://m.veryshortintroductions.com/mobile/view/10.1093/actrade/9780199642878.001.0001/actrade-9780199642878,vs42878
http://m.veryshortintroductions.com/mobile/view/10.1093/actrade/9780195182897.001.0001/actrade-9780195182897,vs82897
http://m.veryshortintroductions.com/mobile/view/10.1093/actrade/9780199602926.001.0001/actrade-9780199602926,vs02926
http://m.veryshortintroductions.com/mobile/view/10.1093/actrade/9780192803016.001.0001/actrade-9780192803016,vs03016
http://m.veryshortintroductions.com/mobile/view/10.1093/actrade/9780192803030.001.0001/actrade-9780192803030,vs03030
http://m.veryshortintroductions.com/mobile/view/10.1093/actrade/9780192803061.001.0001/actrade-9780192803061,vs03061
http://m.veryshortintroductions.com/mobile/view/10.1093/actrade/9780192803078.001.0001/actrade-9780192803078,vs03078
http://m.veryshortintroductions.com/mobile/view/10.1093/actrade/9780198723097.001.0001/actrade-9780198723097,vs23097
http://m.veryshortintroductions.com/mobile/view/10.1093/actrade/9780192803153.001.0001/actrade-9780192803153,vs03153
http://m.veryshortintroductions.com/mobile/view/10.1093/actrade/9780192803160.001.0001/actrade-9780192803160,vs03160
http://m.veryshortintroductions.com/mobile/view/10.1093/actrade/9780192893208.001.0001/actrade-9780192893208,vs93208
http://m.veryshortintroductions.com/mobile/view/10.1093/actrade/9780192893215.001.0001/actrade-9780192893215,vs93215
http://m.veryshortintroductions.com/mobile/view/10.1093/actrade/9780199593217.001.0001/actrade-9780199593217,vs93217
http://m.veryshortintroductions.com/mobile/view/10.1093/actrade/9780192803221.001.0001/actrade-9780192803221,vs03221
http://m.veryshortintroductions.com/mobile/view/10.1093/actrade/9780199663224.001.0001/actrade-9780199663224,vs63224
http://m.veryshortintroductions.com/mobile/view/10.1093/actrade/9780199643264.001.0001/actrade-9780199643264,vs43264
http://m.veryshortintroductions.com/mobile/view/10.1093/actrade/9780192803283.001.0001/actrade-9780192803283,vs03283
http://m.veryshortintroductions.com/mobile/view/10.1093/actrade/9780199543335.001.0001/actrade-9780199543335,vs43335
http://m.veryshortintroductions.com/mobile/view/10.1093/actrade/9780198723356.001.0001/actrade-9780198723356,vs23356
http://m.veryshortintroductions.com/mobile/view/10.1093/actrade/9780199603381.001.0001/actrade-9780199603381,vs03381
http://m.veryshortintroductions.com/mobile/view/10.1093/actrade/9780198723394.001.0001/actrade-9780198723394,vs23394
http://m.veryshortintroductions.com/mobile/view/10.1093/actrade/9780199573400.001.0001/actrade-9780199573400,vs73400
http://m.veryshortintroductions.com/mobile/view/10.1093/actrade/9780192853431.001.0001/actrade-9780192853431,vs53431
http://m.veryshortintroductions.com/mobile/view/10.1093/actrade/9780192803436.001.0001/actrade-9780192803436,vs03436
http://m.veryshortintroductions.com/mobile/view/10.1093/actrade/9780192853448.001.0001/actrade-9780192853448,vs53448
http://m.veryshortintroductions.com/mobile/view/10.1093/actrade/9780192803450.001.0001/actrade-9780192803450,vs03450
http://m.veryshortintroductions.com/mobile/view/10.1093/actrade/9780192853455.001.0001/actrade-9780192853455,vs53455
http://m.veryshortintroductions.com/mobile/view/10.1093/actrade/9780198733461.001.0001/actrade-9780198733461,vs33461
http://m.veryshortintroductions.com/mobile/view/10.1093/actrade/9780192853462.001.0001/actrade-9780192853462,vs53462
http://m.veryshortintroductions.com/mobile/view/10.1093/actrade/9780192803467.001.0001/actrade-9780192803467,vs03467
http://m.veryshortintroductions.com/mobile/view/10.1093/actrade/9780192803474.001.0001/actrade-9780192803474,vs03474
http://m.veryshortintroductions.com/mobile/view/10.1093/actrade/9780198723493.001.0001/actrade-9780198723493,vs23493
http://m.veryshortintroductions.com/mobile/view/10.1093/actrade/9780199303496.001.0001/actrade-9780199303496,vs03496
http://m.veryshortintroductions.com/mobile/view/10.1093/actrade/9780199573509.001.0001/actrade-9780199573509,vs73509
http://m.veryshortintroductions.com/mobile/view/10.1093/actrade/9780190273514.001.0001/actrade-9780190273514,vs73514
http://m.veryshortintroductions.com/mobile/view/10.1093/actrade/9780192853523.001.0001/actrade-9780192853523,vs53523
http://m.veryshortintroductions.com/mobile/view/10.1093/actrade/9780199943524.001.0001/actrade-9780199943524,vs43524
http://m.veryshortintroductions.com/mobile/view/10.1093/actrade/9780192803535.001.0001/actrade-9780192803535,vs03535
http://m.veryshortintroductions.com/mobile/view/10.1093/actrade/9780199533541.001.0001/actrade-9780199533541,vs33541
http://m.veryshortintroductions.com/mobile/view/10.1093/actrade/9780192803542.001.0001/actrade-9780192803542,vs03542
http://m.veryshortintroductions.com/mobile/view/10.1093/actrade/9780199943548.001.0001/actrade-9780199943548,vs43548
http://m.veryshortintroductions.com/mobile/view/10.1093/actrade/9780199233564.001.0001/actrade-9780199233564,vs33564
http://m.veryshortintroductions.com/mobile/view/10.1093/actrade/9780192853578.001.0001/actrade-9780192853578,vs53578
http://m.veryshortintroductions.com/mobile/view/10.1093/actrade/9780199583584.001.0001/actrade-9780199583584,vs83584
http://m.veryshortintroductions.com/mobile/view/10.1093/actrade/9780192853585.001.0001/actrade-9780192853585,vs53585
http://m.veryshortintroductions.com/mobile/view/10.1093/actrade/9780192853592.001.0001/actrade-9780192853592,vs53592
http://m.veryshortintroductions.com/mobile/view/10.1093/actrade/9780192803603.001.0001/actrade-9780192803603,vs03603
http://m.veryshortintroductions.com/mobile/view/10.1093/actrade/9780192853608.001.0001/actrade-9780192853608,vs53608
http://m.veryshortintroductions.com/mobile/view/10.1093/actrade/9780192853615.001.0001/actrade-9780192853615,vs53615
http://m.veryshortintroductions.com/mobile/view/10.1093/actrade/9780198723622.001.0001/actrade-9780198723622,vs23622
http://m.veryshortintroductions.com/mobile/view/10.1093/actrade/9780192803641.001.0001/actrade-9780192803641,vs03641
http://m.veryshortintroductions.com/mobile/view/10.1093/actrade/9780199553648.001.0001/actrade-9780199553648,vs53648
http://m.veryshortintroductions.com/mobile/view/10.1093/actrade/9780199683673.001.0001/actrade-9780199683673,vs83673
http://m.veryshortintroductions.com/mobile/view/10.1093/actrade/9780199683697.001.0001/actrade-9780199683697,vs83697
http://m.veryshortintroductions.com/mobile/view/10.1093/actrade/9780198753704.001.0001/actrade-9780198753704,vs53704
http://m.veryshortintroductions.com/mobile/view/10.1093/actrade/9780198753711.001.0001/actrade-9780198753711,vs53711
http://m.veryshortintroductions.com/mobile/view/10.1093/actrade/9780192853745.001.0001/actrade-9780192853745,vs53745
http://m.veryshortintroductions.com/mobile/view/10.1093/actrade/9780192803771.001.0001/actrade-9780192803771,vs03771
http://m.veryshortintroductions.com/mobile/view/10.1093/actrade/9780198753773.001.0001/actrade-9780198753773,vs53773
http://m.veryshortintroductions.com/mobile/view/10.1093/actrade/9780192853783.001.0001/actrade-9780192853783,vs53783
http://m.veryshortintroductions.com/mobile/view/10.1093/actrade/9780199573790.001.0001/actrade-9780199573790,vs73790
http://m.veryshortintroductions.com/mobile/view/10.1093/actrade/9780192853806.001.0001/actrade-9780192853806,vs53806
http://m.veryshortintroductions.com/mobile/view/10.1093/actrade/9780192853813.001.0001/actrade-9780192853813,vs53813
http://m.veryshortintroductions.com/mobile/view/10.1093/actrade/9780192853820.001.0001/actrade-9780192853820,vs53820
http://m.veryshortintroductions.com/mobile/view/10.1093/actrade/9780199663835.001.0001/actrade-9780199663835,vs63835
http://m.veryshortintroductions.com/mobile/view/10.1093/actrade/9780199663842.001.0001/actrade-9780199663842,vs63842
http://m.veryshortintroductions.com/mobile/view/10.1093/actrade/9780195373851.001.0001/actrade-9780195373851,vs73851
http://m.veryshortintroductions.com/mobile/view/10.1093/actrade/9780192853851.001.0001/actrade-9780192853851,vs53851
http://m.veryshortintroductions.com/mobile/view/10.1093/actrade/9780192853875.001.0001/actrade-9780192853875,vs53875
http://m.veryshortintroductions.com/mobile/view/10.1093/actrade/9780198723882.001.0001/actrade-9780198723882,vs23882
http://m.veryshortintroductions.com/mobile/view/10.1093/actrade/9780192853882.001.0001/actrade-9780192853882,vs53882
http://m.veryshortintroductions.com/mobile/view/10.1093/actrade/9780192853905.001.0001/actrade-9780192853905,vs53905
http://m.veryshortintroductions.com/mobile/view/10.1093/actrade/9780192803917.001.0001/actrade-9780192803917,vs03917
http://m.veryshortintroductions.com/mobile/view/10.1093/actrade/9780192853929.001.0001/actrade-9780192853929,vs53929
http://m.veryshortintroductions.com/mobile/view/10.1093/actrade/9780199603930.001.0001/actrade-9780199603930,vs03930
http://m.veryshortintroductions.com/mobile/view/10.1093/actrade/9780199603947.001.0001/actrade-9780199603947,vs03947
http://m.veryshortintroductions.com/mobile/view/10.1093/actrade/9780192803948.001.0001/actrade-9780192803948,vs03948
http://m.veryshortintroductions.com/mobile/view/10.1093/actrade/9780192853950.001.0001/actrade-9780192853950,vs53950
http://m.veryshortintroductions.com/mobile/view/10.1093/actrade/9780192803955.001.0001/actrade-9780192803955,vs03955
http://m.veryshortintroductions.com/mobile/view/10.1093/actrade/9780192853967.001.0001/actrade-9780192853967,vs53967
http://m.veryshortintroductions.com/mobile/view/10.1093/actrade/9780199683970.001.0001/actrade-9780199683970,vs83970
http://m.veryshortintroductions.com/mobile/view/10.1093/actrade/9780192853974.001.0001/actrade-9780192853974,vs53974
http://m.veryshortintroductions.com/mobile/view/10.1093/actrade/9780192853981.001.0001/actrade-9780192853981,vs53981
http://m.veryshortintroductions.com/mobile/view/10.1093/actrade/9780192853998.001.0001/actrade-9780192853998,vs53998
http://m.veryshortintroductions.com/mobile/view/10.1093/actrade/9780192854001.001.0001/actrade-9780192854001,vs54001
http://m.veryshortintroductions.com/mobile/view/10.1093/actrade/9780192854025.001.0001/actrade-9780192854025,vs54025
http://m.veryshortintroductions.com/mobile/view/10.1093/actrade/9780192854032.001.0001/actrade-9780192854032,vs54032
http://m.veryshortintroductions.com/mobile/view/10.1093/actrade/9780192854049.001.0001/actrade-9780192854049,vs54049
http://m.veryshortintroductions.com/mobile/view/10.1093/actrade/9780199584055.001.0001/actrade-9780199584055,vs84055
http://m.veryshortintroductions.com/mobile/view/10.1093/actrade/9780192854056.001.0001/actrade-9780192854056,vs54056
http://m.veryshortintroductions.com/mobile/view/10.1093/actrade/9780199584062.001.0001/actrade-9780199584062,vs84062
http://m.veryshortintroductions.com/mobile/view/10.1093/actrade/9780192854063.001.0001/actrade-9780192854063,vs54063
http://m.veryshortintroductions.com/mobile/view/10.1093/actrade/9780192854070.001.0001/actrade-9780192854070,vs54070
http://m.veryshortintroductions.com/mobile/view/10.1093/actrade/9780192854087.001.0001/actrade-9780192854087,vs54087
http://m.veryshortintroductions.com/mobile/view/10.1093/actrade/9780192854094.001.0001/actrade-9780192854094,vs54094
http://m.veryshortintroductions.com/mobile/view/10.1093/actrade/9780192854100.001.0001/actrade-9780192854100,vs54100
http://m.veryshortintroductions.com/mobile/view/10.1093/actrade/9780192854117.001.0001/actrade-9780192854117,vs54117
http://m.veryshortintroductions.com/mobile/view/10.1093/actrade/9780192854124.001.0001/actrade-9780192854124,vs54124
http://m.veryshortintroductions.com/mobile/view/10.1093/actrade/9780192854148.001.0001/actrade-9780192854148,vs54148
http://m.veryshortintroductions.com/mobile/view/10.1093/actrade/9780192854162.001.0001/actrade-9780192854162,vs54162
http://m.veryshortintroductions.com/mobile/view/10.1093/actrade/9780192804181.001.0001/actrade-9780192804181,vs04181
http://m.veryshortintroductions.com/mobile/view/10.1093/actrade/9780192854193.001.0001/actrade-9780192854193,vs54193
http://m.veryshortintroductions.com/mobile/view/10.1093/actrade/9780192804198.001.0001/actrade-9780192804198,vs04198
http://m.veryshortintroductions.com/mobile/view/10.1093/actrade/9780192854216.001.0001/actrade-9780192854216,vs54216
http://m.veryshortintroductions.com/mobile/view/10.1093/actrade/9780198724230.001.0001/actrade-9780198724230,vs24230
http://m.veryshortintroductions.com/mobile/view/10.1093/actrade/9780192804242.001.0001/actrade-9780192804242,vs04242
http://m.veryshortintroductions.com/mobile/view/10.1093/actrade/9780192804280.001.0001/actrade-9780192804280,vs04280
http://m.veryshortintroductions.com/mobile/view/10.1093/actrade/9780192854292.001.0001/actrade-9780192854292,vs54292
http://m.veryshortintroductions.com/mobile/view/10.1093/actrade/9780192854308.001.0001/actrade-9780192854308,vs54308
http://m.veryshortintroductions.com/mobile/view/10.1093/actrade/9780199564309.001.0001/actrade-9780199564309,vs64309
http://m.veryshortintroductions.com/mobile/view/10.1093/actrade/9780192804310.001.0001/actrade-9780192804310,vs04310
http://m.veryshortintroductions.com/mobile/view/10.1093/actrade/9780199684311.001.0001/actrade-9780199684311,vs84311
http://m.veryshortintroductions.com/mobile/view/10.1093/actrade/9780192854315.001.0001/actrade-9780192854315,vs54315
http://m.veryshortintroductions.com/mobile/view/10.1093/actrade/9780199574315.001.0001/actrade-9780199574315,vs74315
http://m.veryshortintroductions.com/mobile/view/10.1093/actrade/9780199574339.001.0001/actrade-9780199574339,vs74339
http://m.veryshortintroductions.com/mobile/view/10.1093/actrade/9780192804341.001.0001/actrade-9780192804341,vs04341
http://m.veryshortintroductions.com/mobile/view/10.1093/actrade/9780199234349.001.0001/actrade-9780199234349,vs34349
http://m.veryshortintroductions.com/mobile/view/10.1093/actrade/9780195304374.001.0001/actrade-9780195304374,vs04374
http://m.veryshortintroductions.com/mobile/view/10.1093/actrade/9780199794379.001.0001/actrade-9780199794379,vs94379
http://m.veryshortintroductions.com/mobile/view/10.1093/actrade/9780199594405.001.0001/actrade-9780199594405,vs94405
http://m.veryshortintroductions.com/mobile/view/10.1093/actrade/9780199594412.001.0001/actrade-9780199594412,vs94412
http://m.veryshortintroductions.com/mobile/view/10.1093/actrade/9780192804419.001.0001/actrade-9780192804419,vs04419
http://m.veryshortintroductions.com/mobile/view/10.1093/actrade/9780192804426.001.0001/actrade-9780192804426,vs04426
http://m.veryshortintroductions.com/mobile/view/10.1093/actrade/9780199684434.001.0001/actrade-9780199684434,vs84434
http://m.veryshortintroductions.com/mobile/view/10.1093/actrade/9780192854469.001.0001/actrade-9780192854469,vs54469
http://m.veryshortintroductions.com/mobile/view/10.1093/actrade/9780192854513.001.0001/actrade-9780192854513,vs54513
http://m.veryshortintroductions.com/mobile/view/10.1093/actrade/9780192854520.001.0001/actrade-9780192854520,vs54520
http://m.veryshortintroductions.com/mobile/view/10.1093/actrade/9780199584529.001.0001/actrade-9780199584529,vs84529
http://m.veryshortintroductions.com/mobile/view/10.1093/actrade/9780199584536.001.0001/actrade-9780199584536,vs84536
http://m.veryshortintroductions.com/mobile/view/10.1093/actrade/9780192854537.001.0001/actrade-9780192854537,vs54537
http://m.veryshortintroductions.com/mobile/view/10.1093/actrade/9780199754540.001.0001/actrade-9780199754540,vs54540
http://m.veryshortintroductions.com/mobile/view/10.1093/actrade/9780199584543.001.0001/actrade-9780199584543,vs84543
http://m.veryshortintroductions.com/mobile/view/10.1093/actrade/9780192854544.001.0001/actrade-9780192854544,vs54544
http://m.veryshortintroductions.com/mobile/view/10.1093/actrade/9780192854551.001.0001/actrade-9780192854551,vs54551
http://m.veryshortintroductions.com/mobile/view/10.1093/actrade/9780195334555.001.0001/actrade-9780195334555,vs34555
http://m.veryshortintroductions.com/mobile/view/10.1093/actrade/9780192804556.001.0001/actrade-9780192804556,vs04556
http://m.veryshortintroductions.com/mobile/view/10.1093/actrade/9780192854568.001.0001/actrade-9780192854568,vs54568
http://m.veryshortintroductions.com/mobile/view/10.1093/actrade/9780192804570.001.0001/actrade-9780192804570,vs04570
http://m.veryshortintroductions.com/mobile/view/10.1093/actrade/9780192854575.001.0001/actrade-9780192854575,vs54575
http://m.veryshortintroductions.com/mobile/view/10.1093/actrade/9780192804617.001.0001/actrade-9780192804617,vs04617
http://m.veryshortintroductions.com/mobile/view/10.1093/actrade/9780192804631.001.0001/actrade-9780192804631,vs04631
http://m.veryshortintroductions.com/mobile/view/10.1093/actrade/9780192804662.001.0001/actrade-9780192804662,vs04662
http://m.veryshortintroductions.com/mobile/view/10.1093/actrade/9780192804693.001.0001/actrade-9780192804693,vs04693
http://m.veryshortintroductions.com/mobile/view/10.1093/actrade/9780198724704.001.0001/actrade-9780198724704,vs24704
http://m.veryshortintroductions.com/mobile/view/10.1093/actrade/9780192804709.001.0001/actrade-9780192804709,vs04709
http://m.veryshortintroductions.com/mobile/view/10.1093/actrade/9780192804761.001.0001/actrade-9780192804761,vs04761
http://m.veryshortintroductions.com/mobile/view/10.1093/actrade/9780192804778.001.0001/actrade-9780192804778,vs04778
http://m.veryshortintroductions.com/mobile/view/10.1093/actrade/9780199684779.001.0001/actrade-9780199684779,vs84779
http://m.veryshortintroductions.com/mobile/view/10.1093/actrade/9780198724834.001.0001/actrade-9780198724834,vs24834
http://m.veryshortintroductions.com/mobile/view/10.1093/actrade/9780199574858.001.0001/actrade-9780199574858,vs74858
http://m.veryshortintroductions.com/mobile/view/10.1093/actrade/9780199214891.001.0001/actrade-9780199214891,vs14891
http://m.veryshortintroductions.com/mobile/view/10.1093/actrade/9780199754915.001.0001/actrade-9780199754915,vs54915
http://m.veryshortintroductions.com/mobile/view/10.1093/actrade/9780199214969.001.0001/actrade-9780199214969,vs14969
http://m.veryshortintroductions.com/mobile/view/10.1093/actrade/9780199584970.001.0001/actrade-9780199584970,vs84970
http://m.veryshortintroductions.com/mobile/view/10.1093/actrade/9780192804990.001.0001/actrade-9780192804990,vs04990
http://m.veryshortintroductions.com/mobile/view/10.1093/actrade/9780198754992.001.0001/actrade-9780198754992,vs54992
http://m.veryshortintroductions.com/mobile/view/10.1093/actrade/9780195395020.001.0001/actrade-9780195395020,vs95020
http://m.veryshortintroductions.com/mobile/view/10.1093/actrade/9780192805027.001.0001/actrade-9780192805027,vs05027
http://m.veryshortintroductions.com/mobile/view/10.1093/actrade/9780199755028.001.0001/actrade-9780199755028,vs55028
http://m.veryshortintroductions.com/mobile/view/10.1093/actrade/9780192805041.001.0001/actrade-9780192805041,vs05041
http://m.veryshortintroductions.com/mobile/view/10.1093/actrade/9780195305050.001.0001/actrade-9780195305050,vs05050
http://m.veryshortintroductions.com/mobile/view/10.1093/actrade/9780199695058.001.0001/actrade-9780199695058,vs95058
http://m.veryshortintroductions.com/mobile/view/10.1093/actrade/9780190225063.001.0001/actrade-9780190225063,vs25063
http://m.veryshortintroductions.com/mobile/view/10.1093/actrade/9780192805102.001.0001/actrade-9780192805102,vs05102
http://m.veryshortintroductions.com/mobile/view/10.1093/actrade/9780199595112.001.0001/actrade-9780199595112,vs95112
http://m.veryshortintroductions.com/mobile/view/10.1093/actrade/9780199735129.001.0001/actrade-9780199735129,vs35129
http://m.veryshortintroductions.com/mobile/view/10.1093/actrade/9780199575152.001.0001/actrade-9780199575152,vs75152
http://m.veryshortintroductions.com/mobile/view/10.1093/actrade/9780199235162.001.0001/actrade-9780199235162,vs35162
http://m.veryshortintroductions.com/mobile/view/10.1093/actrade/9780198725190.001.0001/actrade-9780198725190,vs25190
http://m.veryshortintroductions.com/mobile/view/10.1093/actrade/9780199585236.001.0001/actrade-9780199585236,vs85236
http://m.veryshortintroductions.com/mobile/view/10.1093/actrade/9780199575268.001.0001/actrade-9780199575268,vs75268
http://m.veryshortintroductions.com/mobile/view/10.1093/actrade/9780198735274.001.0001/actrade-9780198735274,vs35274
http://m.veryshortintroductions.com/mobile/view/10.1093/actrade/9780199575275.001.0001/actrade-9780199575275,vs75275
http://m.veryshortintroductions.com/mobile/view/10.1093/actrade/9780198725329.001.0001/actrade-9780198725329,vs25329
http://m.veryshortintroductions.com/mobile/view/10.1093/actrade/9780199685356.001.0001/actrade-9780199685356,vs85356
http://m.veryshortintroductions.com/mobile/view/10.1093/actrade/9780199685363.001.0001/actrade-9780199685363,vs85363
http://m.veryshortintroductions.com/mobile/view/10.1093/actrade/9780190605384.001.0001/actrade-9780190605384,vs05384
http://m.veryshortintroductions.com/mobile/view/10.1093/actrade/9780195175394.001.0001/actrade-9780195175394,vs75394
http://m.veryshortintroductions.com/mobile/view/10.1093/actrade/9780199605415.001.0001/actrade-9780199605415,vs05415
http://m.veryshortintroductions.com/mobile/view/10.1093/actrade/9780199215430.001.0001/actrade-9780199215430,vs15430
http://m.veryshortintroductions.com/mobile/view/10.1093/actrade/9780199665457.001.0001/actrade-9780199665457,vs65457
http://m.veryshortintroductions.com/mobile/view/10.1093/actrade/9780198715511.001.0001/actrade-9780198715511,vs15511
http://m.veryshortintroductions.com/mobile/view/10.1093/actrade/9780199295517.001.0001/actrade-9780199295517,vs95517
http://m.veryshortintroductions.com/mobile/view/10.1093/actrade/9780199205523.001.0001/actrade-9780199205523,vs05523
http://m.veryshortintroductions.com/mobile/view/10.1093/actrade/9780198745549.001.0001/actrade-9780198745549,vs45549
http://m.veryshortintroductions.com/mobile/view/10.1093/actrade/9780199335558.001.0001/actrade-9780199335558,vs35558
http://m.veryshortintroductions.com/mobile/view/10.1093/actrade/9780199665563.001.0001/actrade-9780199665563,vs65563
http://m.veryshortintroductions.com/mobile/view/10.1093/actrade/9780199665570.001.0001/actrade-9780199665570,vs65570
http://m.veryshortintroductions.com/mobile/view/10.1093/actrade/9780198745570.001.0001/actrade-9780198745570,vs45570
http://m.veryshortintroductions.com/mobile/view/10.1093/actrade/9780199565573.001.0001/actrade-9780199565573,vs65573
http://m.veryshortintroductions.com/mobile/view/10.1093/actrade/9780192805577.001.0001/actrade-9780192805577,vs05577
http://m.veryshortintroductions.com/mobile/view/10.1093/actrade/9780198745587.001.0001/actrade-9780198745587,vs45587
http://m.veryshortintroductions.com/mobile/view/10.1093/actrade/9780199205592.001.0001/actrade-9780199205592,vs05592
http://m.veryshortintroductions.com/mobile/view/10.1093/actrade/9780198745624.001.0001/actrade-9780198745624,vs45624
http://m.veryshortintroductions.com/mobile/view/10.1093/actrade/9780198745631.001.0001/actrade-9780198745631,vs45631
http://m.veryshortintroductions.com/mobile/view/10.1093/actrade/9780199235698.001.0001/actrade-9780199235698,vs35698
http://m.veryshortintroductions.com/mobile/view/10.1093/actrade/9780199735709.001.0001/actrade-9780199735709,vs35709
http://m.veryshortintroductions.com/mobile/view/10.1093/actrade/9780199545728.001.0001/actrade-9780199545728,vs45728
http://m.veryshortintroductions.com/mobile/view/10.1093/actrade/9780198745792.001.0001/actrade-9780198745792,vs45792
http://m.veryshortintroductions.com/mobile/view/10.1093/actrade/9780192805850.001.0001/actrade-9780192805850,vs05850
http://m.veryshortintroductions.com/mobile/view/10.1093/actrade/9780198745860.001.0001/actrade-9780198745860,vs45860
http://m.veryshortintroductions.com/mobile/view/10.1093/actrade/9780199225866.001.0001/actrade-9780199225866,vs25866
http://m.veryshortintroductions.com/mobile/view/10.1093/actrade/9780199695881.001.0001/actrade-9780199695881,vs95881
http://m.veryshortintroductions.com/mobile/view/10.1093/actrade/9780198715900.001.0001/actrade-9780198715900,vs15900
http://m.veryshortintroductions.com/mobile/view/10.1093/actrade/9780199385904.001.0001/actrade-9780199385904,vs85904
http://m.veryshortintroductions.com/mobile/view/10.1093/actrade/9780192805904.001.0001/actrade-9780192805904,vs05904
http://m.veryshortintroductions.com/mobile/view/10.1093/actrade/9780199545919.001.0001/actrade-9780199545919,vs45919
http://m.veryshortintroductions.com/mobile/view/10.1093/actrade/9780198715931.001.0001/actrade-9780198715931,vs15931
http://m.veryshortintroductions.com/mobile/view/10.1093/actrade/9780198725947.001.0001/actrade-9780198725947,vs25947
http://m.veryshortintroductions.com/mobile/view/10.1093/actrade/9780198725961.001.0001/actrade-9780198725961,vs25961
http://m.veryshortintroductions.com/mobile/view/10.1093/actrade/9780199695980.001.0001/actrade-9780199695980,vs95980
http://m.veryshortintroductions.com/mobile/view/10.1093/actrade/9780199675982.001.0001/actrade-9780199675982,vs75982
http://m.veryshortintroductions.com/mobile/view/10.1093/actrade/9780199575992.001.0001/actrade-9780199575992,vs75992
http://m.veryshortintroductions.com/mobile/view/10.1093/actrade/9780199766000.001.0001/actrade-9780199766000,vs66000
http://m.veryshortintroductions.com/mobile/view/10.1093/actrade/9780199656004.001.0001/actrade-9780199656004,vs56004
http://m.veryshortintroductions.com/mobile/view/10.1093/actrade/9780192806017.001.0001/actrade-9780192806017,vs06017
http://m.veryshortintroductions.com/mobile/view/10.1093/actrade/9780199546039.001.0001/actrade-9780199546039,vs46039
http://m.veryshortintroductions.com/mobile/view/10.1093/actrade/9780199766048.001.0001/actrade-9780199766048,vs66048
http://m.veryshortintroductions.com/mobile/view/10.1093/actrade/9780198726074.001.0001/actrade-9780198726074,vs26074
http://m.veryshortintroductions.com/mobile/view/10.1093/actrade/9780192806079.001.0001/actrade-9780192806079,vs06079
http://m.veryshortintroductions.com/mobile/view/10.1093/actrade/9780192806086.001.0001/actrade-9780192806086,vs06086
http://m.veryshortintroductions.com/mobile/view/10.1093/actrade/9780199236114.001.0001/actrade-9780199236114,vs36114
http://m.veryshortintroductions.com/mobile/view/10.1093/actrade/9780198706151.001.0001/actrade-9780198706151,vs06151
http://m.veryshortintroductions.com/mobile/view/10.1093/actrade/9780198706168.001.0001/actrade-9780198706168,vs06168
http://m.veryshortintroductions.com/mobile/view/10.1093/actrade/9780198706175.001.0001/actrade-9780198706175,vs06175
http://m.veryshortintroductions.com/mobile/view/10.1093/actrade/9780199576203.001.0001/actrade-9780199576203,vs76203
http://m.veryshortintroductions.com/mobile/view/10.1093/actrade/9780199546206.001.0001/actrade-9780199546206,vs46206
http://m.veryshortintroductions.com/mobile/view/10.1093/actrade/9780199236220.001.0001/actrade-9780199236220,vs36220
http://m.veryshortintroductions.com/mobile/view/10.1093/actrade/9780198786221.001.0001/actrade-9780198786221,vs86221
http://m.veryshortintroductions.com/mobile/view/10.1093/actrade/9780199766239.001.0001/actrade-9780199766239,vs66239
http://m.veryshortintroductions.com/mobile/view/10.1093/actrade/9780199226320.001.0001/actrade-9780199226320,vs26320
http://m.veryshortintroductions.com/mobile/view/10.1093/actrade/9780195326345.001.0001/actrade-9780195326345,vs26345
http://m.veryshortintroductions.com/mobile/view/10.1093/actrade/9780199606412.001.0001/actrade-9780199606412,vs06412
http://m.veryshortintroductions.com/mobile/view/10.1093/actrade/9780199586455.001.0001/actrade-9780199586455,vs86455
http://m.veryshortintroductions.com/mobile/view/10.1093/actrade/9780192806468.001.0001/actrade-9780192806468,vs06468
http://m.veryshortintroductions.com/mobile/view/10.1093/actrade/9780198726470.001.0001/actrade-9780198726470,vs26470
http://m.veryshortintroductions.com/mobile/view/10.1093/actrade/9780198716488.001.0001/actrade-9780198716488,vs16488
http://m.veryshortintroductions.com/mobile/view/10.1093/actrade/9780198716495.001.0001/actrade-9780198716495,vs16495
http://m.veryshortintroductions.com/mobile/view/10.1093/actrade/9780199676507.001.0001/actrade-9780199676507,vs76507
http://m.veryshortintroductions.com/mobile/view/10.1093/actrade/9780198726517.001.0001/actrade-9780198726517,vs26517
http://m.veryshortintroductions.com/mobile/view/10.1093/actrade/9780199556533.001.0001/actrade-9780199556533,vs56533
http://m.veryshortintroductions.com/mobile/view/10.1093/actrade/9780192806550.001.0001/actrade-9780192806550,vs06550
http://m.veryshortintroductions.com/mobile/view/10.1093/actrade/9780192806567.001.0001/actrade-9780192806567,vs06567
http://m.veryshortintroductions.com/mobile/view/10.1093/actrade/9780199206582.001.0001/actrade-9780199206582,vs06582
http://m.veryshortintroductions.com/mobile/view/10.1093/actrade/9780199586592.001.0001/actrade-9780199586592,vs86592
http://m.veryshortintroductions.com/mobile/view/10.1093/actrade/9780199646593.001.0001/actrade-9780199646593,vs46593
http://m.veryshortintroductions.com/mobile/view/10.1093/actrade/9780192806598.001.0001/actrade-9780192806598,vs06598
http://m.veryshortintroductions.com/mobile/view/10.1093/actrade/9780199206599.001.0001/actrade-9780199206599,vs06599
http://m.veryshortintroductions.com/mobile/view/10.1093/actrade/9780199556649.001.0001/actrade-9780199556649,vs56649
http://m.veryshortintroductions.com/mobile/view/10.1093/actrade/9780199596652.001.0001/actrade-9780199596652,vs96652
http://m.veryshortintroductions.com/mobile/view/10.1093/actrade/9780199606696.001.0001/actrade-9780199606696,vs06696
http://m.veryshortintroductions.com/mobile/view/10.1093/actrade/9780192806758.001.0001/actrade-9780192806758,vs06758
http://m.veryshortintroductions.com/mobile/view/10.1093/actrade/9780199796779.001.0001/actrade-9780199796779,vs96779
http://m.veryshortintroductions.com/mobile/view/10.1093/actrade/9780199206780.001.0001/actrade-9780199206780,vs06780
http://m.veryshortintroductions.com/mobile/view/10.1093/actrade/9780199676781.001.0001/actrade-9780199676781,vs76781
http://m.veryshortintroductions.com/mobile/view/10.1093/actrade/9780199586790.001.0001/actrade-9780199586790,vs86790
http://m.veryshortintroductions.com/mobile/view/10.1093/actrade/9780199206797.001.0001/actrade-9780199206797,vs06797
http://m.veryshortintroductions.com/mobile/view/10.1093/actrade/9780199226818.001.0001/actrade-9780199226818,vs26818
http://m.veryshortintroductions.com/mobile/view/10.1093/actrade/9780199686872.001.0001/actrade-9780199686872,vs86872
http://m.veryshortintroductions.com/mobile/view/10.1093/actrade/9780192806918.001.0001/actrade-9780192806918,vs06918
http://m.veryshortintroductions.com/mobile/view/10.1093/actrade/9780192806925.001.0001/actrade-9780192806925,vs06925
http://m.veryshortintroductions.com/mobile/view/10.1093/actrade/9780192806932.001.0001/actrade-9780192806932,vs06932
http://m.veryshortintroductions.com/mobile/view/10.1093/actrade/9780199236947.001.0001/actrade-9780199236947,vs36947
http://m.veryshortintroductions.com/mobile/view/10.1093/actrade/9780199946952.001.0001/actrade-9780199946952,vs46952
http://m.veryshortintroductions.com/mobile/view/10.1093/actrade/9780199236954.001.0001/actrade-9780199236954,vs36954
http://m.veryshortintroductions.com/mobile/view/10.1093/actrade/9780199656981.001.0001/actrade-9780199656981,vs56981
http://m.veryshortintroductions.com/mobile/view/10.1093/actrade/9780199687008.001.0001/actrade-9780199687008,vs87008
http://m.veryshortintroductions.com/mobile/view/10.1093/actrade/9780195307016.001.0001/actrade-9780195307016,vs07016
http://m.veryshortintroductions.com/mobile/view/10.1093/actrade/9780195327052.001.0001/actrade-9780195327052,vs27052
http://m.veryshortintroductions.com/mobile/view/10.1093/actrade/9780195317107.001.0001/actrade-9780195317107,vs17107
http://m.veryshortintroductions.com/mobile/view/10.1093/actrade/9780199657124.001.0001/actrade-9780199657124,vs57124
http://m.veryshortintroductions.com/mobile/view/10.1093/actrade/9780199567157.001.0001/actrade-9780199567157,vs67157
http://m.veryshortintroductions.com/mobile/view/10.1093/actrade/9780198717225.001.0001/actrade-9780198717225,vs17225
http://m.veryshortintroductions.com/mobile/view/10.1093/actrade/9780198727231.001.0001/actrade-9780198727231,vs27231
http://m.veryshortintroductions.com/mobile/view/10.1093/actrade/9780198747239.001.0001/actrade-9780198747239,vs47239
http://m.veryshortintroductions.com/mobile/view/10.1093/actrade/9780192807274.001.0001/actrade-9780192807274,vs07274
http://m.veryshortintroductions.com/mobile/view/10.1093/actrade/9780199697298.001.0001/actrade-9780199697298,vs97298
http://m.veryshortintroductions.com/mobile/view/10.1093/actrade/9780199547302.001.0001/actrade-9780199547302,vs47302
http://m.veryshortintroductions.com/mobile/view/10.1093/actrade/9780199697342.001.0001/actrade-9780199697342,vs97342
http://m.veryshortintroductions.com/mobile/view/10.1093/actrade/9780199687350.001.0001/actrade-9780199687350,vs87350
http://m.veryshortintroductions.com/mobile/view/10.1093/actrade/9780198707370.001.0001/actrade-9780198707370,vs07370
http://m.veryshortintroductions.com/mobile/view/10.1093/actrade/9780199567416.001.0001/actrade-9780199567416,vs67416
http://m.veryshortintroductions.com/mobile/view/10.1093/actrade/9780199657438.001.0001/actrade-9780199657438,vs57438
http://m.veryshortintroductions.com/mobile/view/10.1093/actrade/9780199557455.001.0001/actrade-9780199557455,vs57455
http://m.veryshortintroductions.com/mobile/view/10.1093/actrade/9780198727491.001.0001/actrade-9780198727491,vs27491
http://m.veryshortintroductions.com/mobile/view/10.1093/actrade/9780195307542.001.0001/actrade-9780195307542,vs07542
http://m.veryshortintroductions.com/mobile/view/10.1093/actrade/9780199207565.001.0001/actrade-9780199207565,vs07565
http://m.veryshortintroductions.com/mobile/view/10.1093/actrade/9780198717591.001.0001/actrade-9780198717591,vs17591
http://m.veryshortintroductions.com/mobile/view/10.1093/actrade/9780199697687.001.0001/actrade-9780199697687,vs97687
http://m.veryshortintroductions.com/mobile/view/10.1093/actrade/9780199697694.001.0001/actrade-9780199697694,vs97694
http://m.veryshortintroductions.com/mobile/view/10.1093/actrade/9780199687749.001.0001/actrade-9780199687749,vs87749
http://m.veryshortintroductions.com/mobile/view/10.1093/actrade/9780199567782.001.0001/actrade-9780199567782,vs67782
http://m.veryshortintroductions.com/mobile/view/10.1093/actrade/9780195367805.001.0001/actrade-9780195367805,vs67805
http://m.veryshortintroductions.com/mobile/view/10.1093/actrade/9780199587858.001.0001/actrade-9780199587858,vs87858
http://m.veryshortintroductions.com/mobile/view/10.1093/actrade/9780199607891.001.0001/actrade-9780199607891,vs07891
http://m.veryshortintroductions.com/mobile/view/10.1093/actrade/9780199547906.001.0001/actrade-9780199547906,vs47906
http://m.veryshortintroductions.com/mobile/view/10.1093/actrade/9780199547913.001.0001/actrade-9780199547913,vs47913
http://m.veryshortintroductions.com/mobile/view/10.1093/actrade/9780195377996.001.0001/actrade-9780195377996,vs77996
http://m.veryshortintroductions.com/mobile/view/10.1093/actrade/9780199298013.001.0001/actrade-9780199298013,vs98013
http://m.veryshortintroductions.com/mobile/view/10.1093/actrade/9780199298020.001.0001/actrade-9780199298020,vs98020
http://m.veryshortintroductions.com/mobile/view/10.1093/actrade/9780199588022.001.0001/actrade-9780199588022,vs88022
http://m.veryshortintroductions.com/mobile/view/10.1093/actrade/9780199228027.001.0001/actrade-9780199228027,vs28027
http://m.veryshortintroductions.com/mobile/view/10.1093/actrade/9780199608034.001.0001/actrade-9780199608034,vs08034
http://m.veryshortintroductions.com/mobile/view/10.1093/actrade/9780199298037.001.0001/actrade-9780199298037,vs98037
http://m.veryshortintroductions.com/mobile/view/10.1093/actrade/9780199208050.001.0001/actrade-9780199208050,vs08050
http://m.veryshortintroductions.com/mobile/view/10.1093/actrade/9780199558056.001.0001/actrade-9780199558056,vs58056
http://m.veryshortintroductions.com/mobile/view/10.1093/actrade/9780199588077.001.0001/actrade-9780199588077,vs88077
http://m.veryshortintroductions.com/mobile/view/10.1093/actrade/9780190458164.001.0001/actrade-9780190458164,vs58164
http://m.veryshortintroductions.com/mobile/view/10.1093/actrade/9780190458201.001.0001/actrade-9780190458201,vs58201
http://m.veryshortintroductions.com/mobile/view/10.1093/actrade/9780198718222.001.0001/actrade-9780198718222,vs18222
http://m.veryshortintroductions.com/mobile/view/10.1093/actrade/9780199548248.001.0001/actrade-9780199548248,vs48248
http://m.veryshortintroductions.com/mobile/view/10.1093/actrade/9780198728269.001.0001/actrade-9780198728269,vs28269
http://m.veryshortintroductions.com/mobile/view/10.1093/actrade/9780195338317.001.0001/actrade-9780195338317,vs38317
http://m.veryshortintroductions.com/mobile/view/10.1093/actrade/9780199688326.001.0001/actrade-9780199688326,vs88326
http://m.veryshortintroductions.com/mobile/view/10.1093/actrade/9780199328338.001.0001/actrade-9780199328338,vs28338
http://m.veryshortintroductions.com/mobile/view/10.1093/actrade/9780199688340.001.0001/actrade-9780199688340,vs88340
http://m.veryshortintroductions.com/mobile/view/10.1093/actrade/9780199688364.001.0001/actrade-9780199688364,vs88364
http://m.veryshortintroductions.com/mobile/view/10.1093/actrade/9780198708445.001.0001/actrade-9780198708445,vs08445
http://m.veryshortintroductions.com/mobile/view/10.1093/actrade/9780198708452.001.0001/actrade-9780198708452,vs08452
http://m.veryshortintroductions.com/mobile/view/10.1093/actrade/9780199218462.001.0001/actrade-9780199218462,vs18462
http://m.veryshortintroductions.com/mobile/view/10.1093/actrade/9780199688463.001.0001/actrade-9780199688463,vs88463
http://m.veryshortintroductions.com/mobile/view/10.1093/actrade/9780199588480.001.0001/actrade-9780199588480,vs88480
http://m.veryshortintroductions.com/mobile/view/10.1093/actrade/9780199238484.001.0001/actrade-9780199238484,vs38484
http://m.veryshortintroductions.com/mobile/view/10.1093/actrade/9780199668496.001.0001/actrade-9780199668496,vs68496
http://m.veryshortintroductions.com/mobile/view/10.1093/actrade/9780199588503.001.0001/actrade-9780199588503,vs88503
http://m.veryshortintroductions.com/mobile/view/10.1093/actrade/9780199858507.001.0001/actrade-9780199858507,vs58507
http://m.veryshortintroductions.com/mobile/view/10.1093/actrade/9780199668526.001.0001/actrade-9780199668526,vs68526
http://m.veryshortintroductions.com/mobile/view/10.1093/actrade/9780199668533.001.0001/actrade-9780199668533,vs68533
http://m.veryshortintroductions.com/mobile/view/10.1093/actrade/9780199858583.001.0001/actrade-9780199858583,vs58583
http://m.veryshortintroductions.com/mobile/view/10.1093/actrade/9780199858613.001.0001/actrade-9780199858613,vs58613
http://m.veryshortintroductions.com/mobile/view/10.1093/actrade/9780198718628.001.0001/actrade-9780198718628,vs18628
http://m.veryshortintroductions.com/mobile/view/10.1093/actrade/9780199578634.001.0001/actrade-9780199578634,vs78634
http://m.veryshortintroductions.com/mobile/view/10.1093/actrade/9780198718635.001.0001/actrade-9780198718635,vs18635
http://m.veryshortintroductions.com/mobile/view/10.1093/actrade/9780199558650.001.0001/actrade-9780199558650,vs58650
http://m.veryshortintroductions.com/mobile/view/10.1093/actrade/9780199588664.001.0001/actrade-9780199588664,vs88664
http://m.veryshortintroductions.com/mobile/view/10.1093/actrade/9780199588671.001.0001/actrade-9780199588671,vs88671
http://m.veryshortintroductions.com/mobile/view/10.1093/actrade/9780199578696.001.0001/actrade-9780199578696,vs78696
http://m.veryshortintroductions.com/mobile/view/10.1093/actrade/9780199568727.001.0001/actrade-9780199568727,vs68727
http://m.veryshortintroductions.com/mobile/view/10.1093/actrade/9780198708728.001.0001/actrade-9780198708728,vs08728
http://m.veryshortintroductions.com/mobile/view/10.1093/actrade/9780199588756.001.0001/actrade-9780199588756,vs88756
http://m.veryshortintroductions.com/mobile/view/10.1093/actrade/9780199578757.001.0001/actrade-9780199578757,vs78757
http://m.veryshortintroductions.com/mobile/view/10.1093/actrade/9780199578764.001.0001/actrade-9780199578764,vs78764
http://m.veryshortintroductions.com/mobile/view/10.1093/actrade/9780199658770.001.0001/actrade-9780199658770,vs58770
http://m.veryshortintroductions.com/mobile/view/10.1093/actrade/9780199688777.001.0001/actrade-9780199688777,vs88777
http://m.veryshortintroductions.com/mobile/view/10.1093/actrade/9780199688784.001.0001/actrade-9780199688784,vs88784
http://m.veryshortintroductions.com/mobile/view/10.1093/actrade/9780199658787.001.0001/actrade-9780199658787,vs58787
http://m.veryshortintroductions.com/mobile/view/10.1093/actrade/9780199568864.001.0001/actrade-9780199568864,vs68864
http://m.veryshortintroductions.com/mobile/view/10.1093/actrade/9780198718871.001.0001/actrade-9780198718871,vs18871
http://m.veryshortintroductions.com/mobile/view/10.1093/actrade/9780199568901.001.0001/actrade-9780199568901,vs68901
http://m.veryshortintroductions.com/mobile/view/10.1093/actrade/9780195398915.001.0001/actrade-9780195398915,vs98915
http://m.veryshortintroductions.com/mobile/view/10.1093/actrade/9780199568918.001.0001/actrade-9780199568918,vs68918
http://m.veryshortintroductions.com/mobile/view/10.1093/actrade/9780199688920.001.0001/actrade-9780199688920,vs88920
http://m.veryshortintroductions.com/mobile/view/10.1093/actrade/9780199568925.001.0001/actrade-9780199568925,vs68925
http://m.veryshortintroductions.com/mobile/view/10.1093/actrade/9780199858934.001.0001/actrade-9780199858934,vs58934
http://m.veryshortintroductions.com/mobile/view/10.1093/actrade/9780199688937.001.0001/actrade-9780199688937,vs88937
http://m.veryshortintroductions.com/mobile/view/10.1093/actrade/9780195398939.001.0001/actrade-9780195398939,vs98939
http://m.veryshortintroductions.com/mobile/view/10.1093/actrade/9780198708957.001.0001/actrade-9780198708957,vs08957
http://m.veryshortintroductions.com/mobile/view/10.1093/actrade/9780198739036.001.0001/actrade-9780198739036,vs39036
http://m.veryshortintroductions.com/mobile/view/10.1093/actrade/9780198719045.001.0001/actrade-9780198719045,vs19045
http://m.veryshortintroductions.com/mobile/view/10.1093/actrade/9780199689095.001.0001/actrade-9780199689095,vs89095
http://m.veryshortintroductions.com/mobile/view/10.1093/actrade/9780195389142.001.0001/actrade-9780195389142,vs89142
http://m.veryshortintroductions.com/mobile/view/10.1093/actrade/9780199569250.001.0001/actrade-9780199569250,vs69250
http://m.veryshortintroductions.com/mobile/view/10.1093/actrade/9780199689255.001.0001/actrade-9780199689255,vs89255
http://m.veryshortintroductions.com/mobile/view/10.1093/actrade/9780199609260.001.0001/actrade-9780199609260,vs09260
http://m.veryshortintroductions.com/mobile/view/10.1093/actrade/9780199569267.001.0001/actrade-9780199569267,vs69267
http://m.veryshortintroductions.com/mobile/view/10.1093/actrade/9780199559282.001.0001/actrade-9780199559282,vs59282
http://m.veryshortintroductions.com/mobile/view/10.1093/actrade/9780195369311.001.0001/actrade-9780195369311,vs69311
http://m.veryshortintroductions.com/mobile/view/10.1093/actrade/9780199239337.001.0001/actrade-9780199239337,vs39337
http://m.veryshortintroductions.com/mobile/view/10.1093/actrade/9780199669349.001.0001/actrade-9780199669349,vs69349
http://m.veryshortintroductions.com/mobile/view/10.1093/actrade/9780199699360.001.0001/actrade-9780199699360,vs99360
http://m.veryshortintroductions.com/mobile/view/10.1093/actrade/9780199689361.001.0001/actrade-9780199689361,vs89361
http://m.veryshortintroductions.com/mobile/view/10.1093/actrade/9780199689378.001.0001/actrade-9780199689378,vs89378
http://m.veryshortintroductions.com/mobile/view/10.1093/actrade/9780195379389.001.0001/actrade-9780195379389,vs79389
http://m.veryshortintroductions.com/mobile/view/10.1093/actrade/9780199539406.001.0001/actrade-9780199539406,vs39406
http://m.veryshortintroductions.com/mobile/view/10.1093/actrade/9780195389418.001.0001/actrade-9780195389418,vs89418
http://m.veryshortintroductions.com/mobile/view/10.1093/actrade/9780198729532.001.0001/actrade-9780198729532,vs29532
http://m.veryshortintroductions.com/mobile/view/10.1093/actrade/9780199229543.001.0001/actrade-9780199229543,vs29543
http://m.veryshortintroductions.com/mobile/view/10.1093/actrade/9780199589548.001.0001/actrade-9780199589548,vs89548
http://m.veryshortintroductions.com/mobile/view/10.1093/actrade/9780198779568.001.0001/actrade-9780198779568,vs79568
http://m.veryshortintroductions.com/mobile/view/10.1093/actrade/9780199599684.001.0001/actrade-9780199599684,vs99684
http://m.veryshortintroductions.com/mobile/view/10.1093/actrade/9780199569694.001.0001/actrade-9780199569694,vs69694
http://m.veryshortintroductions.com/mobile/view/10.1093/actrade/9780199689699.001.0001/actrade-9780199689699,vs89699
http://m.veryshortintroductions.com/mobile/view/10.1093/actrade/9780199229758.001.0001/actrade-9780199229758,vs29758
http://m.veryshortintroductions.com/mobile/view/10.1093/actrade/9780190219765.001.0001/actrade-9780190219765,vs19765
http://m.veryshortintroductions.com/mobile/view/10.1093/actrade/9780199669820.001.0001/actrade-9780199669820,vs69820
http://m.veryshortintroductions.com/mobile/view/10.1093/actrade/9780199569915.001.0001/actrade-9780199569915,vs69915
http://m.veryshortintroductions.com/mobile/view/10.1093/actrade/9780199589937.001.0001/actrade-9780199589937,vs89937
http://m.veryshortintroductions.com/mobile/view/10.1093/actrade/9780199679973.001.0001/actrade-9780199679973,vs79973
